{"cameraMode":{"drawMode":0,"name":"Shaded","section":"Shading Mode"},"sceneLighting":false,"audioPlay":false,"sceneViewState":{"showFog":true,"showMaterialUpdate":false,"showSkybox":false,"showFlares":true,"showImageEffects":true,"showParticleSystems":true},"in2DMode":false,"pivot":{"x":42.47156524658203,"y":252.63587951660157,"z":710.1668701171875},"rotation":{"x":-0.0006790855550207198,"y":-0.9992377161979675,"z":0.03329648822546005,"w":-0.020380808040499688},"size":11.067039489746094,"orthographic":false}